,time,Method,blood,count,aif,backg,bpr,parentFraction,disp_fct,t_G,vol,delta,disp_aif
1,0.016666667,Continuous,0.02983,0,-0.444265014,14.05,0.78478618,0.99999996,-2.923231646,0.016666667,0.083333333,1,0
2,0.033333333,Continuous,0.20357,0,-0.400290079,14.05,0.784787193,0.999999724,-0.151299307,0.033333333,0.083333333,1,0
3,0.05,Continuous,0.201005,0,-0.312007773,14.05,0.784788205,0.99999915,0.408945051,0.05,0.083333333,1,0
4,0.066666667,Continuous,0.12627,0,-0.135059763,14.05,0.784789217,0.999998111,0.651777936,0.066666667,0.083333333,1,0
5,0.083333333,Continuous,0.140315,0,-0.135137406,14.05,0.78479023,0.99999649,0.78822649,0.083333333,0.083333333,1,0
6,0.1,Continuous,0.19864,0,-0.090882213,14.05,0.784791242,0.999994178,0.556786146,0.1,0.083333333,1,0
7,0.116666667,Continuous,0.09529,0,-0.090934324,14.05,0.784792254,0.999991069,1.756742575,0.116666667,0.083333333,1,0
8,0.133333333,Continuous,0.169075,0,-0.00221918,14.05,0.784793267,0.999987063,0.487357682,0.133333333,0.083333333,1,0
9,0.15,Continuous,0.09544,0,-0.135447347,14.05,0.784794279,0.999982061,2.052598491,0.15,0.083333333,1,0
10,0.166666667,Continuous,0.25742,1,0.042212582,14.05,0.784795291,0.999975968,0.210550851,0.166666667,0.083333333,1,0.211038317
11,0.183333333,Continuous,0.29981,0,-0.180061339,14.05,0.784796304,0.999968691,0.938260899,0.183333333,0.083333333,1,0
12,0.2,Continuous,0.210815,4,0.17571512,14.05,0.784797316,0.999960139,0.66124327,0.2,0.083333333,1,0.269098182
13,0.216666667,Continuous,0.563435,0,-0.046735547,14.05,0.784798328,0.999950224,0.499791458,0.216666667,0.083333333,1,0
14,0.233333333,Continuous,0.89816,4,0.175914033,14.05,0.78479934,0.999938857,0.408724503,0.233333333,0.083333333,1,0.435845641
15,0.25,Continuous,0.421875,7,0.309694069,14.05,0.784800353,0.999925954,1.545007407,0.25,0.083333333,1,0.201890349
16,0.266666667,Continuous,0.12904,17,0.755721498,14.05,0.784801365,0.99991143,2.40700558,0.266666667,0.083333333,1,0.314893647
17,0.283333333,Continuous,0.41224,5,0.220821076,14.05,0.784802377,0.999895202,1.029982534,0.283333333,0.083333333,1,0.216558616
18,0.3,Continuous,0.382775,9,0.399485327,14.05,0.78480339,0.999877188,0.886682777,0.3,0.083333333,1,0.453056154
19,0.316666667,Continuous,0.471375,6,0.265727454,14.05,0.784804402,0.999857307,0.901829753,0.316666667,0.083333333,1,0.297129759
20,0.333333333,Continuous,0.14626,9,0.399929383,14.05,0.784805414,0.99983548,2.713660604,0.333333333,0.083333333,1,0.148199677
21,0.35,Continuous,-0.11646,8,0.355440854,14.05,0.784806427,0.999811627,-2.183582346,0.35,0.083333333,1,-0.163802538
22,0.366666667,Continuous,0.53795,3,0.131965757,14.05,0.784807439,0.999785672,0.207640115,0.366666667,0.083333333,1,0.646322436
23,0.383333333,Continuous,0.829615,0,-0.091755303,14.05,0.784808451,0.999757536,0.58255938,0.383333333,0.083333333,1,0
24,0.4,Continuous,1.090855,11,0.490375235,14.05,0.784809464,0.999727145,0.417104015,0.4,0.083333333,1,1.181034884
25,0.416666667,Continuous,3.643685,10,0.445834399,14.05,0.784810476,0.999694422,0.242721311,0.416666667,0.083333333,1,1.846046278
26,0.433333333,Continuous,9.1791,25,1.118551746,14.05,0.784811488,0.999659293,0.258598338,0.433333333,0.083333333,1,4.334108808
27,0.45,Continuous,15.17526,77,3.451660823,14.05,0.784812501,0.999621684,0.379262036,0.45,0.083333333,1,9.10690576
28,0.466666667,Continuous,25.39491,195,8.749345727,14.05,0.784813513,0.999581523,0.37574065,0.466666667,0.083333333,1,23.29157017
29,0.483333333,Continuous,41.05501,327,14.68132957,14.05,0.784814525,0.999538736,0.419062132,0.483333333,0.083333333,1,35.03913539
30,0.5,Continuous,53.61657,594,26.6848317,14.05,0.784815538,0.999493252,0.511056563,0.5,0.083333333,1,52.21942149
31,0.516666667,Continuous,71.50125,949,42.65669885,14.05,0.78481655,0.999445,0.523165679,0.516666667,0.083333333,1,81.54003243
32,0.533333333,Continuous,89.72611,1297,58.33043873,14.05,0.784817562,0.999393909,0.586508208,0.533333333,0.083333333,1,99.45758078
33,0.55,Continuous,107.320165,1826,82.16516319,14.05,0.784818575,0.999339909,0.61733226,0.55,0.083333333,1,133.1007926
34,0.566666667,Continuous,119.336285,2299,103.50323,14.05,0.784819587,0.999282932,0.69984079,0.566666667,0.083333333,1,147.8986114
35,0.583333333,Continuous,117.847035,2898,130.5387577,14.05,0.784820599,0.999222907,0.805543389,0.583333333,0.083333333,1,162.0533564
36,0.6,Continuous,121.89021,3293,148.4077492,14.05,0.784821612,0.999159767,0.836679993,0.6,0.083333333,1,177.3796481
37,0.616666667,Continuous,128.938895,3536,159.4406392,14.05,0.784822624,0.999093445,0.853498085,0.616666667,0.083333333,1,186.8110738
38,0.633333333,Continuous,116.111735,3814,172.0631866,14.05,0.784823636,0.999023873,1.005686462,0.633333333,0.083333333,1,171.092531
39,0.65,Continuous,116.14004,4045,182.5764401,14.05,0.784824649,0.998950984,0.962560371,0.65,0.083333333,1,189.6802553
40,0.666666667,Continuous,119.016235,3870,174.7648421,14.05,0.784825661,0.998874712,0.99121603,0.666666667,0.083333333,1,176.3158532
41,0.683333333,Continuous,99.589385,4082,184.4301976,14.05,0.784826673,0.998794992,1.149314257,0.683333333,0.083333333,1,160.4717383
42,0.7,Continuous,94.295055,3958,178.9158267,14.05,0.784827686,0.998711759,1.137328994,0.7,0.083333333,1,157.3142758
43,0.716666667,Continuous,98.611845,3706,167.6063845,14.05,0.784828698,0.998624947,1.052384731,0.716666667,0.083333333,1,159.2655621
44,0.733333333,Continuous,92.34312,3584,162.1675305,14.05,0.78482971,0.998534494,1.113167933,0.733333333,0.083333333,1,145.6831338
45,0.75,Continuous,88.807585,3548,160.615996,14.05,0.784830723,0.998440335,1.089073642,0.75,0.083333333,1,147.4815416
46,0.766666667,Continuous,94.19386,3336,151.0909796,14.05,0.784831735,0.998342406,1.016309343,0.766666667,0.083333333,1,148.6685577
47,0.783333333,Continuous,96.72762,3300,149.5313976,14.05,0.784832747,0.998240646,0.986359429,0.783333333,0.083333333,1,151.6015957
48,0.8,Continuous,94.044565,3287,149.0124176,14.05,0.784833759,0.998134992,1.025870022,0.8,0.083333333,1,145.2568854
49,0.816666667,Continuous,97.07394,3322,150.6693997,14.05,0.784834772,0.998025383,0.970224347,0.816666667,0.083333333,1,155.2956984
50,0.833333333,Continuous,103.48604,3241,147.0635847,14.05,0.784835784,0.997911756,0.943144602,0.833333333,0.083333333,1,155.9313951
51,0.85,Continuous,106.308215,3357,152.3971198,14.05,0.784836796,0.997794051,0.93202863,0.85,0.083333333,1,163.5136355
52,0.866666667,Continuous,108.384655,3406,154.6918442,14.05,0.784837809,0.997672209,0.947934927,0.866666667,0.083333333,1,163.1906481
53,0.883333333,Continuous,109.636735,3530,160.3958512,14.05,0.784838821,0.997546167,0.947706077,0.883333333,0.083333333,1,169.2488073
54,0.9,Continuous,105.135685,3568,162.1947915,14.05,0.784839833,0.997415869,1.015975689,0.9,0.083333333,1,159.6466
55,0.916666667,Continuous,102.494255,3666,166.7233244,14.05,0.784840846,0.997281253,1.012340643,0.916666667,0.083333333,1,164.6931786
56,0.933333333,Continuous,103.623495,3559,161.9278229,14.05,0.784841858,0.997142262,1.01341303,0.933333333,0.083333333,1,159.7868718
57,0.95,Continuous,94.430845,3600,163.864126,14.05,0.78484287,0.996998838,1.093572762,0.95,0.083333333,1,149.8449921
58,0.966666667,Continuous,93.546915,3538,161.1109169,14.05,0.784843883,0.996850922,1.055612577,0.966666667,0.083333333,1,152.6253071
59,0.983333333,Continuous,92.757335,3381,154.0266593,14.05,0.784844895,0.996698458,1.061407165,0.983333333,0.083333333,1,145.1176723
60,1,Continuous,85.481285,3369,153.544253,14.05,0.784845907,0.996541389,1.111108706,1,0.083333333,1,138.1921777
61,1.016666667,Continuous,75.686275,3248,148.0908225,14.05,0.78484692,0.996379659,1.205040148,1.016666667,0.083333333,1,122.8947455
62,1.033333333,Continuous,69.830655,3117,142.1760316,14.05,0.784847932,0.996213211,1.199322848,1.033333333,0.083333333,1,118.5488233
63,1.05,Continuous,71.226665,2860,130.506049,14.05,0.784848944,0.99604199,1.120649128,1.05,0.083333333,1,116.4577988
64,1.066666667,Continuous,73.028195,2724,124.3497348,14.05,0.784849957,0.995865941,1.053535556,1.066666667,0.083333333,1,118.0330523
65,1.083333333,Continuous,71.43405,2624,119.8319632,14.05,0.784850969,0.99568501,1.069070002,1.083333333,0.083333333,1,112.0920486
66,1.1,Continuous,62.29505,2603,118.9192509,14.05,0.784851981,0.995499143,1.181005553,1.1,0.083333333,1,100.6951533
67,1.116666667,Continuous,57.466735,2506,114.531716,14.05,0.784852994,0.995308286,1.186616918,1.116666667,0.083333333,1,96.52146315
68,1.133333333,Continuous,57.07953,2321,106.116755,14.05,0.784854006,0.995112385,1.137299133,1.133333333,0.083333333,1,93.30794154
69,1.15,Continuous,55.56031,2208,100.9880484,14.05,0.784855018,0.994911389,1.11731918,1.15,0.083333333,1,90.38628996
70,1.166666667,Continuous,53.716785,2110,96.5413156,14.05,0.784856031,0.994705245,1.113166024,1.166666667,0.083333333,1,86.7288448
71,1.183333333,Continuous,58.66535,2031,92.96046657,14.05,0.784857043,0.9944939,0.978777081,1.183333333,0.083333333,1,94.97847571
72,1.2,Continuous,57.496705,1949,89.23915753,14.05,0.784858055,0.994277305,1.040628328,1.2,0.083333333,1,85.75727234
73,1.216666667,Continuous,43.138855,2030,92.98084078,14.05,0.784859068,0.994055408,1.314160981,1.216666667,0.083333333,1,70.7547495
74,1.233333333,Continuous,44.81551,1922,88.06456957,14.05,0.78486008,0.993828159,1.117376551,1.233333333,0.083333333,1,78.81574077
75,1.25,Continuous,52.16815,1696,77.7357504,14.05,0.784861092,0.993595507,0.980743998,1.25,0.083333333,1,79.26435682
76,1.266666667,Continuous,50.75216,1732,79.41258139,14.05,0.784862105,0.993357404,1.006357168,1.266666667,0.083333333,1,78.91320945
77,1.283333333,Continuous,44.14174,1728,79.25540997,14.05,0.784863117,0.9931138,1.153710751,1.283333333,0.083333333,1,68.6980712
78,1.3,Continuous,40.8739,1722,79.00591562,14.05,0.784864129,0.992864648,1.141305332,1.3,0.083333333,1,69.2261812
79,1.316666667,Continuous,40.230655,1576,72.33031574,14.05,0.784865141,0.992609898,1.138952374,1.316666667,0.083333333,1,63.50802039
80,1.333333333,Continuous,39.57261,1547,71.02161714,14.05,0.784866154,0.992349504,1.080942096,1.333333333,0.083333333,1,65.70556641
81,1.35,Continuous,40.23898,1443,66.26731814,14.05,0.784867166,0.992083419,1.062949409,1.35,0.083333333,1,62.34503151
82,1.366666667,Continuous,36.57672,1442,66.24141522,14.05,0.784868178,0.991811596,1.124767338,1.366666667,0.083333333,1,58.89547989
83,1.383333333,Continuous,37.267325,1386,63.68771779,14.05,0.784869191,0.991533989,1.054580655,1.383333333,0.083333333,1,60.39368836
84,1.4,Continuous,40.25452,1323,60.81037604,14.05,0.784870203,0.991250553,0.974668186,1.4,0.083333333,1,62.39320743
85,1.416666667,Continuous,36.9482,1320,60.68973812,14.05,0.784871215,0.990961243,1.080913279,1.416666667,0.083333333,1,56.14884956
86,1.433333333,Continuous,35.495025,1343,61.76444165,14.05,0.784872228,0.990666014,1.057410158,1.433333333,0.083333333,1,58.41322854
87,1.45,Continuous,34.90346,1261,58.00892027,14.05,0.78487324,0.990364822,1.084342355,1.45,0.083333333,1,53.49898971
88,1.466666667,Continuous,35.25076,1271,58.48452222,14.05,0.784874252,0.990057624,1.013737009,1.466666667,0.083333333,1,57.69427626
89,1.483333333,Continuous,34.28638,1199,55.18568297,14.05,0.784875265,0.989744377,1.07487288,1.483333333,0.083333333,1,51.34373138
90,1.5,Continuous,28.665815,1236,56.9031624,14.05,0.784876277,0.989425039,1.201417089,1.5,0.083333333,1,47.36528633
91,1.516666667,Continuous,30.69119,1154,53.14102243,14.05,0.784877289,0.989099567,1.054041893,1.516666667,0.083333333,1,50.41860799
92,1.533333333,Continuous,30.2286,1083,49.88339165,14.05,0.784878302,0.98876792,1.081604838,1.533333333,0.083333333,1,46.12192275
93,1.55,Continuous,28.93401,1094,50.40190082,14.05,0.784879314,0.988430058,1.06690362,1.55,0.083333333,1,47.24344688
94,1.566666667,Continuous,30.96476,1032,47.55620298,14.05,0.784880326,0.988085939,0.996539292,1.566666667,0.083333333,1,47.72366485
95,1.583333333,Continuous,30.027525,1031,47.52065003,14.05,0.784881339,0.987735525,1.030221438,1.583333333,0.083333333,1,46.12887381
96,1.6,Continuous,29.700155,1033,47.62308021,14.05,0.784882351,0.987378777,1.020099053,1.6,0.083333333,1,46.6870205
97,1.616666667,Continuous,28.524925,1011,46.61851221,14.05,0.784883363,0.987015654,1.063774927,1.616666667,0.083333333,1,43.82582887
98,1.633333333,Continuous,25.95563,1012,46.6740468,14.05,0.784884376,0.98664612,1.122631198,1.633333333,0.083333333,1,41.57763745
99,1.65,Continuous,27.46026,971,44.79175075,14.05,0.784885388,0.986270137,1.016075594,1.65,0.083333333,1,44.085359
100,1.666666667,Continuous,27.06969,929,42.86228894,14.05,0.7848864,0.985887667,1.051168299,1.666666667,0.083333333,1,40.77805238
101,1.683333333,Continuous,25.50774,947,43.70075879,14.05,0.784887413,0.985498675,1.065813749,1.683333333,0.083333333,1,41.00441215
102,1.7,Continuous,27.58605,904,41.72364949,14.05,0.784888425,0.985103124,0.977399809,1.7,0.083333333,1,42.69077706
103,1.716666667,Continuous,26.45215,896,41.36134232,14.05,0.784889437,0.984700979,1.040236805,1.716666667,0.083333333,1,39.76368685
104,1.733333333,Continuous,26.383995,914,42.19910718,14.05,0.78489045,0.984292206,1.002676054,1.733333333,0.083333333,1,42.08878392
105,1.75,Continuous,24.470065,878,40.54315736,14.05,0.784891462,0.983876769,1.108636205,1.75,0.083333333,1,36.57238158
106,1.766666667,Continuous,21.72249,900,41.56522053,14.05,0.784892474,0.983454636,1.148896835,1.766666667,0.083333333,1,36.18038503
107,1.783333333,Continuous,26.18076,827,38.1989856,14.05,0.784893487,0.983025774,0.929736188,1.783333333,0.083333333,1,41.08831701
108,1.8,Continuous,25.60474,806,37.23389568,14.05,0.784894499,0.982590149,1.013292851,1.8,0.083333333,1,36.74772359
109,1.816666667,Continuous,24.593,859,39.68742958,14.05,0.784895511,0.982147731,1.001870451,1.816666667,0.083333333,1,39.61564069
110,1.833333333,Continuous,23.386815,815,37.6589021,14.05,0.784896524,0.981698488,1.090105686,1.833333333,0.083333333,1,34.54822143
111,1.85,Continuous,24.010255,843,38.95713252,14.05,0.784897536,0.981242389,0.981051638,1.85,0.083333333,1,39.7119191
112,1.866666667,Continuous,25.006805,778,35.95689544,14.05,0.784898548,0.980779404,1.006214109,1.866666667,0.083333333,1,35.73713203
113,1.883333333,Continuous,19.713665,831,38.41028842,14.05,0.78489956,0.980309504,1.216080318,1.883333333,0.083333333,1,31.58722256
114,1.9,Continuous,21.363445,791,36.56458956,14.05,0.784900573,0.97983266,1.031224131,1.9,0.083333333,1,35.45970261
115,1.916666667,Continuous,23.21275,726,33.56249077,14.05,0.784901585,0.979348843,0.987229001,1.916666667,0.083333333,1,33.99900363
116,1.933333333,Continuous,22.47227,755,34.90585284,14.05,0.784902597,0.978858026,1.00156771,1.933333333,0.083333333,1,34.85352442
117,1.95,Continuous,24.17096,741,34.26086533,14.05,0.78490361,0.978360183,0.941696151,1.95,0.083333333,1,36.38453576
118,1.966666667,Continuous,22.2343,749,34.63286076,14.05,0.784904622,0.977855286,1.056867093,1.966666667,0.083333333,1,32.77155008
119,1.983333333,Continuous,21.01003,773,35.74454704,14.05,0.784905634,0.977343309,1.055862367,1.983333333,0.083333333,1,33.85560504
120,2,Continuous,20.41592,729,33.71131657,14.05,0.784906647,0.976824229,1.093132222,2,0.083333333,1,30.84130922
121,2.016666667,Continuous,18.18267,733,33.8975731,14.05,0.784907659,0.976298019,1.154951391,2.016666667,0.083333333,1,29.35178553
122,2.033333333,Continuous,22.73158,689,31.86360684,14.05,0.784908671,0.975764657,0.883119431,2.033333333,0.083333333,1,36.08336335
123,2.05,Continuous,22.31315,658,30.43054774,14.05,0.784909684,0.975224118,1.004595945,2.05,0.083333333,1,30.29363241
124,2.066666667,Continuous,21.25428,735,33.99233355,14.05,0.784910696,0.974676381,0.976918531,2.066666667,0.083333333,1,34.79783116
125,2.083333333,Continuous,21.37703,680,31.44873016,14.05,0.784911708,0.974121423,1.038465119,2.083333333,0.083333333,1,30.28608488
126,2.1,Continuous,18.948425,727,33.62251964,14.05,0.784912721,0.973559223,1.092243814,2.1,0.083333333,1,30.7850974
127,2.116666667,Continuous,19.878795,677,31.30967072,14.05,0.784913733,0.97298976,1.035616092,2.116666667,0.083333333,1,30.23512622
128,2.133333333,Continuous,18.644,673,31.12414975,14.05,0.784914745,0.972413014,1.083683759,2.133333333,0.083333333,1,28.72282805
129,2.15,Continuous,19.53631,660,30.52214893,14.05,0.784915758,0.971828967,0.995930142,2.15,0.083333333,1,30.64919927
130,2.166666667,Continuous,23.397475,635,29.36496896,14.05,0.78491677,0.971237598,0.855408543,2.166666667,0.083333333,1,34.33129303
131,2.183333333,Continuous,19.91555,653,30.19621054,14.05,0.784917782,0.97063889,1.095591134,2.183333333,0.083333333,1,27.56367947
132,2.2,Continuous,16.95321,712,32.92312524,14.05,0.784918795,0.970032825,1.142462106,2.2,0.083333333,1,28.81971948
133,2.216666667,Continuous,19.547945,631,29.17575294,14.05,0.784919807,0.969419387,0.996038202,2.216666667,0.083333333,1,29.29412237
134,2.233333333,Continuous,20.86489,634,29.31259153,14.05,0.784920819,0.96879856,0.932250302,2.233333333,0.083333333,1,31.44531396
135,2.25,Continuous,20.04276,633,29.26423638,14.05,0.784921832,0.968170327,1.016641421,2.25,0.083333333,1,28.78748349
136,2.266666667,Continuous,16.25679,663,30.64881131,14.05,0.784922844,0.967534675,1.201620984,2.266666667,0.083333333,1,25.50814546
137,2.283333333,Continuous,18.70216,635,29.3517453,14.05,0.784923856,0.966891589,0.961926323,2.283333333,0.083333333,1,30.51590952
138,2.3,Continuous,20.099925,584,26.99156512,14.05,0.784924869,0.966241056,0.969938943,2.3,0.083333333,1,27.8304902
139,2.316666667,Continuous,16.61075,633,29.25339397,14.05,0.784925881,0.965583063,1.135746429,2.316666667,0.083333333,1,25.75901107
140,2.333333333,Continuous,17.43746,612,28.27962724,14.05,0.784926893,0.964917597,1.022952884,2.333333333,0.083333333,1,27.6473514
141,2.35,Continuous,19.1309,578,26.70516822,14.05,0.784927906,0.964244648,0.955302678,2.35,0.083333333,1,27.95708541
142,2.366666667,Continuous,18.86205,592,27.3485178,14.05,0.784928918,0.963564204,0.982432981,2.366666667,0.083333333,1,27.83989176
143,2.383333333,Continuous,16.733255,600,27.71430196,14.05,0.78492993,0.962876256,1.109873722,2.383333333,0.083333333,1,24.97276145
144,2.4,Continuous,17.428035,601,27.75643793,14.05,0.784930942,0.962180794,0.995969999,2.4,0.083333333,1,27.87106774
145,2.416666667,Continuous,18.297415,561,25.90493003,14.05,0.784931955,0.96147781,0.996069663,2.416666667,0.083333333,1,26.009465
146,2.433333333,Continuous,16.51299,589,27.19355214,14.05,0.784932967,0.960767294,1.07092053,2.433333333,0.083333333,1,25.39484493
147,2.45,Continuous,17.711195,571,26.35792318,14.05,0.784933979,0.960049241,0.976517959,2.45,0.083333333,1,26.99410818
148,2.466666667,Continuous,18.495955,558,25.75314838,14.05,0.784934992,0.959323642,0.963832362,2.466666667,0.083333333,1,26.72192513
149,2.483333333,Continuous,17.2272,575,26.53281902,14.05,0.784936004,0.958590493,1.038961642,2.483333333,0.083333333,1,25.54004436
150,2.5,Continuous,18.213375,577,26.61987932,14.05,0.784937016,0.957849788,0.956275265,2.5,0.083333333,1,27.83945925
151,2.516666667,Continuous,16.00857,561,25.87634631,14.05,0.784938029,0.957101523,1.140445399,2.516666667,0.083333333,1,22.69170695
152,2.533333333,Continuous,15.609885,588,27.11604801,14.05,0.784939041,0.956345693,1.040199848,2.533333333,0.083333333,1,26.07033067
153,2.55,Continuous,20.518515,522,24.06680216,14.05,0.784940053,0.955582295,0.838296534,2.55,0.083333333,1,28.71192551
154,2.566666667,Continuous,17.25862,553,25.49030983,14.05,0.784941066,0.954811326,1.082861782,2.566666667,0.083333333,1,23.54189168
155,2.583333333,Continuous,17.70847,601,27.6964194,14.05,0.784942078,0.954032785,0.946326814,2.583333333,0.083333333,1,29.26972307
156,2.6,Continuous,18.704505,538,24.78674481,14.05,0.78494309,0.953246671,0.998641771,2.6,0.083333333,1,24.82276362
157,2.616666667,Continuous,16.203725,600,27.63638209,14.05,0.784944103,0.952452983,1.073463046,2.616666667,0.083333333,1,25.74721637
158,2.633333333,Continuous,17.61957,558,25.69485682,14.05,0.784945115,0.951651721,0.993020829,2.633333333,0.083333333,1,25.87776479
159,2.65,Continuous,17.34097,561,25.82593746,14.05,0.784946127,0.950842886,1.009545602,2.65,0.083333333,1,25.58402453
160,2.666666667,Continuous,16.282755,561,25.81863882,14.05,0.78494714,0.95002648,1.068185329,2.666666667,0.083333333,1,24.1727156
161,2.683333333,Continuous,15.521905,557,25.62706447,14.05,0.784948152,0.949202505,1.079352051,2.683333333,0.083333333,1,23.7451396
162,2.7,Continuous,17.08218,536,24.65338737,14.05,0.784949164,0.948370964,0.959602346,2.7,0.083333333,1,25.69365055
163,2.716666667,Continuous,17.67769,524,24.09395198,14.05,0.784950177,0.94753186,0.966314038,2.716666667,0.083333333,1,24.93625292
164,2.733333333,Continuous,17.64722,546,25.0976541,14.05,0.784951189,0.946685198,0.963262202,2.733333333,0.083333333,1,26.05723817
165,2.75,Continuous,15.392525,543,24.95159683,14.05,0.784952201,0.945830983,1.135200365,2.75,0.083333333,1,21.98192969
166,2.766666667,Continuous,15.1814,558,25.63233756,14.05,0.784953214,0.944969221,1.041366409,2.766666667,0.083333333,1,24.61634478
167,2.783333333,Continuous,16.92008,504,23.14360328,14.05,0.784954226,0.944099918,0.977040298,2.783333333,0.083333333,1,23.6898105
168,2.8,Continuous,15.09387,527,24.19132707,14.05,0.784955238,0.94322308,1.079444834,2.8,0.083333333,1,22.41302354
169,2.816666667,Continuous,15.38932,519,23.81544574,14.05,0.784956251,0.942338716,1.018953404,2.816666667,0.083333333,1,23.37471
170,2.833333333,Continuous,16.49666,499,22.88913013,14.05,0.784957263,0.941446835,0.964280042,2.833333333,0.083333333,1,23.73939402
171,2.85,Continuous,15.37383,506,23.20144682,14.05,0.784958275,0.940547445,1.049458723,2.85,0.083333333,1,22.11019754
172,2.866666667,Continuous,15.406155,513,23.51331408,14.05,0.784959288,0.939640555,1.005442305,2.866666667,0.083333333,1,23.38831968
173,2.883333333,Continuous,15.94961,492,22.54173034,14.05,0.7849603,0.938726178,0.99515286,2.883333333,0.083333333,1,22.65382768
174,2.9,Continuous,15.167745,504,23.08220715,14.05,0.784961312,0.937804322,1.03266504,2.9,0.083333333,1,22.35429338
175,2.916666667,Continuous,16.71376,497,22.75214248,14.05,0.784962324,0.936875002,0.926494098,2.916666667,0.083333333,1,24.5597157
176,2.933333333,Continuous,17.516755,491,22.46791134,14.05,0.784963337,0.935938228,0.936155127,2.933333333,0.083333333,1,24.0026454
177,2.95,Continuous,13.91436,520,23.78477034,14.05,0.784964349,0.934994014,1.18591872,2.95,0.083333333,1,20.05791557
178,2.966666667,Continuous,14.547415,523,23.91143244,14.05,0.784965361,0.934042374,1.014791975,2.966666667,0.083333333,1,23.56514363
179,2.983333333,Continuous,17.294,467,21.34125488,14.05,0.784966374,0.933083322,0.913704175,2.983333333,0.083333333,1,23.35935485
180,3,Discrete,17.3175,37313,12.0067104,46.53846154,1,0.932116874,1,14.63333333,1,10,17.96874634
181,3.016666667,Continuous,13.929035,508,23.19354381,14.05,0.784968398,0.931143045,1.079608171,3.016666667,0.083333333,1,21.48541247
182,3.033333333,Continuous,14.470925,475,21.67636507,14.05,0.784969411,0.930161852,1.037618535,3.033333333,0.083333333,1,20.89269447
183,3.05,Continuous,14.728155,474,21.62019434,14.05,0.784970423,0.929173311,0.996689674,3.05,0.083333333,1,21.69429038
184,3.066666667,Continuous,14.397685,463,21.10793434,14.05,0.784971435,0.928177442,1.03755569,3.066666667,0.083333333,1,20.34610215
185,3.083333333,Continuous,14.799475,471,21.46184743,14.05,0.784972448,0.927174261,0.973960225,3.083333333,0.083333333,1,22.03799031
186,3.1,Continuous,15.617015,454,20.67650118,14.05,0.78497346,0.926163788,0.961637035,3.1,0.083333333,1,21.50372524
187,3.116666667,Continuous,16.59075,473,21.53064583,14.05,0.784974472,0.925146043,0.903840996,3.116666667,0.083333333,1,23.82379439
188,3.133333333,Continuous,16.225225,472,21.47369011,14.05,0.784975485,0.924121046,0.98857797,3.133333333,0.083333333,1,21.7240984
189,3.15,Continuous,13.24079,505,22.96275514,14.05,0.784976497,0.923088818,1.166992302,3.15,0.083333333,1,19.67881782
190,3.166666667,Continuous,14.38042,486,22.0865658,14.05,0.784977509,0.922049381,1.003009648,3.166666667,0.083333333,1,22.02255817
191,3.183333333,Continuous,16.441765,453,20.57519304,14.05,0.784978522,0.921002756,0.917924566,3.183333333,0.083333333,1,22.41738053
192,3.2,Continuous,16.694135,474,21.51687946,14.05,0.784979534,0.919948967,0.929068802,3.2,0.083333333,1,23.16206224
193,3.216666667,Continuous,12.896795,487,22.09430218,14.05,0.784980546,0.918888038,1.239920461,3.216666667,0.083333333,1,17.82095829
194,3.233333333,Continuous,12.757445,502,22.76153734,14.05,0.784981559,0.917819992,1.071444948,3.233333333,0.083333333,1,21.24589292
195,3.25,Continuous,16.33667,428,19.39435895,14.05,0.784982571,0.916744854,0.896994308,3.25,0.083333333,1,21.62402229
196,3.266666667,Continuous,14.25333,459,20.78667804,14.05,0.784983583,0.915662649,1.057458152,3.266666667,0.083333333,1,19.65935257
197,3.283333333,Continuous,11.609645,472,21.36235228,14.05,0.784984596,0.914573404,1.228332132,3.283333333,0.083333333,1,17.39319107
198,3.3,Continuous,13.215815,446,20.17291536,14.05,0.784985608,0.913477144,0.991251769,3.3,0.083333333,1,20.35323193
199,3.316666667,Continuous,15.268825,409,18.48749951,14.05,0.78498662,0.912373898,0.914333618,3.316666667,0.083333333,1,20.22211533
200,3.333333333,Continuous,12.890465,436,19.69546134,14.05,0.784987633,0.911263692,1.103272845,3.333333333,0.083333333,1,17.85389746
201,3.35,Continuous,13.777835,444,20.04384785,14.05,0.784988645,0.910146555,0.95705167,3.35,0.083333333,1,20.94568759
202,3.366666667,Continuous,14.634345,411,18.54170347,14.05,0.784989657,0.909022517,0.97506243,3.366666667,0.083333333,1,19.01822781
203,3.383333333,Continuous,14.14358,445,20.06233673,14.05,0.78499067,0.907891605,0.973657306,3.383333333,0.083333333,1,20.60744685
204,3.4,Continuous,14.575685,429,19.32781158,14.05,0.784991682,0.906753851,0.984447729,3.4,0.083333333,1,19.63544019
205,3.416666667,Continuous,13.907515,447,20.12503799,14.05,0.784992694,0.905609286,1.014106402,3.416666667,0.083333333,1,19.84731516
206,3.433333333,Continuous,13.65602,439,19.75106996,14.05,0.784993707,0.904457939,1.035682432,3.433333333,0.083333333,1,19.07275741
207,3.45,Continuous,13.11183,440,19.78211645,14.05,0.784994719,0.903299844,1.052644825,3.45,0.083333333,1,18.79490992
208,3.466666667,Continuous,13.571775,429,19.27374084,14.05,0.784995731,0.902135031,1.001188128,3.466666667,0.083333333,1,19.2531123
209,3.483333333,Continuous,13.87597,422,18.94550993,14.05,0.784996743,0.900963536,0.988947079,3.483333333,0.083333333,1,19.15952362
210,3.5,Continuous,15.32822,426,19.11111172,14.05,0.784997756,0.899785389,0.895753062,3.5,0.083333333,1,21.33775019
211,3.516666667,Continuous,12.93557,426,19.09695082,14.05,0.784998768,0.898600627,1.140730559,3.516666667,0.083333333,1,16.74294807
212,3.533333333,Continuous,11.873155,458,20.51623235,14.05,0.78499978,0.897409282,1.085364421,3.533333333,0.083333333,1,18.90468488
213,3.55,Continuous,14.598595,399,17.85945555,14.05,0.785000793,0.89621139,0.924684875,3.55,0.083333333,1,19.31651997
214,3.566666667,Continuous,14.905725,418,18.69564015,14.05,0.785001805,0.895006987,0.925389406,3.566666667,0.083333333,1,20.20541474
215,3.583333333,Continuous,13.73082,427,19.08338274,14.05,0.785002817,0.893796109,1.042297547,3.583333333,0.083333333,1,18.31110286
216,3.6,Continuous,12.93479,443,19.7829681,14.05,0.78500383,0.892578791,1.050345618,3.6,0.083333333,1,18.83684842
217,3.616666667,Continuous,11.418375,420,18.74082932,14.05,0.785004842,0.891355072,1.196089636,3.616666667,0.083333333,1,15.67028095
218,3.633333333,Continuous,13.08424,422,18.81493674,14.05,0.785005854,0.890124989,0.929706273,3.633333333,0.083333333,1,20.2399046
219,3.65,Continuous,15.26767,375,16.70558777,14.05,0.785006867,0.888888579,0.901853393,3.65,0.083333333,1,18.52608816
220,3.666666667,Continuous,12.69163,425,18.91772686,14.05,0.785007879,0.887645882,1.0754253,3.666666667,0.083333333,1,17.59299576
221,3.683333333,Continuous,10.775455,421,18.72407763,14.05,0.785008891,0.886396936,1.21691381,3.683333333,0.083333333,1,15.38835495
222,3.7,Continuous,11.272965,404,17.95280959,14.05,0.785009904,0.885141781,1.06165503,3.7,0.083333333,1,16.91230318
223,3.716666667,Continuous,14.09013,368,16.33896748,14.05,0.785010916,0.883880457,0.87260373,3.716666667,0.083333333,1,18.72692859
224,3.733333333,Continuous,13.480845,378,16.76861676,14.05,0.785011928,0.882613004,0.981511174,3.733333333,0.083333333,1,17.08674906
225,3.75,Continuous,11.2278,407,18.03960964,14.05,0.785012941,0.881339464,1.136286717,3.75,0.083333333,1,15.87788171
226,3.766666667,Continuous,11.253155,392,17.35945371,14.05,0.785013953,0.880059876,1.074507549,3.766666667,0.083333333,1,16.15779081
227,3.783333333,Continuous,12.6157,371,16.414822,14.05,0.785014965,0.878774284,0.951362192,3.783333333,0.083333333,1,17.25634535
228,3.8,Continuous,13.546455,368,16.26751237,14.05,0.785015978,0.87748273,0.919694488,3.8,0.083333333,1,17.69035602
229,3.816666667,Continuous,12.02932,382,16.87122098,14.05,0.78501699,0.876185255,1.068323064,3.816666667,0.083333333,1,15.79431364
230,3.833333333,Continuous,12.57586,394,17.38540835,14.05,0.785018002,0.874881904,0.958582554,3.833333333,0.083333333,1,18.13888102
231,3.85,Continuous,13.312185,369,16.26714109,14.05,0.785019015,0.873572719,0.971320636,3.85,0.083333333,1,16.74971683
232,3.866666667,Continuous,13.229025,396,17.44135154,14.05,0.785020027,0.872257745,0.951219005,3.866666667,0.083333333,1,18.33810502
233,3.883333333,Continuous,11.982555,385,16.9408942,14.05,0.785021039,0.870937026,1.104514021,3.883333333,0.083333333,1,15.33986376
234,3.9,Continuous,10.734385,405,17.80417202,14.05,0.785022052,0.869610606,1.116580037,3.9,0.083333333,1,15.94724045
235,3.916666667,Continuous,13.076405,366,16.07409989,14.05,0.785023064,0.868278531,0.919564666,3.916666667,0.083333333,1,17.48250743
236,3.933333333,Continuous,12.922545,367,16.1024702,14.05,0.785024076,0.866940846,0.980990974,3.933333333,0.083333333,1,16.41673036
237,3.95,Continuous,12.80769,387,16.96357323,14.05,0.785025089,0.865597596,0.967660835,3.95,0.083333333,1,17.53276001
238,3.966666667,Continuous,13.997795,378,16.55273998,14.05,0.785026101,0.864248829,0.918194616,3.966666667,0.083333333,1,18.02987025
239,3.983333333,Continuous,13.49032,392,17.14886798,14.05,0.785027113,0.86289459,0.984439213,3.983333333,0.083333333,1,17.42215811
240,4,Continuous,10.869105,405,17.6999334,14.05,0.785028125,0.861534927,1.207652332,4,0.083333333,1,14.65829062
241,4.016666667,Continuous,12.47324,400,17.46375276,14.05,0.785029138,0.860169887,0.943980874,4.016666667,0.083333333,1,18.50242571
242,4.033333333,Continuous,13.48318,358,15.61392522,14.05,0.78503015,0.858799517,0.974614297,4.033333333,0.083333333,1,16.02285775
243,4.05,Continuous,10.751955,400,17.42807835,14.05,0.785031162,0.857423866,1.156636165,4.05,0.083333333,1,15.06978396
244,4.066666667,Continuous,11.14792,378,16.45236946,14.05,0.785032175,0.856042981,1.060915399,4.066666667,0.083333333,1,15.5097626
245,4.083333333,Continuous,13.74648,359,15.60898266,14.05,0.785033187,0.854656911,0.858510688,4.083333333,0.083333333,1,18.18399834
246,4.1,Continuous,13.01167,358,15.54911901,14.05,0.785034199,0.853265706,1.004759574,4.1,0.083333333,1,15.47762409
247,4.116666667,Continuous,13.45138,397,17.22496149,14.05,0.785035212,0.851869414,0.904881135,4.116666667,0.083333333,1,19.03800454
248,4.133333333,Continuous,12.810845,369,15.99282781,14.05,0.785036224,0.850468084,1.062240625,4.133333333,0.083333333,1,15.05778896
249,4.15,Continuous,11.880405,413,17.88079321,14.05,0.785037236,0.849061767,1.02023458,4.15,0.083333333,1,17.52828082
250,4.166666667,Continuous,13.77899,367,15.87172186,14.05,0.785038249,0.847650513,0.941527645,4.166666667,0.083333333,1,16.85971156
251,4.183333333,Continuous,9.93931,393,16.97768907,14.05,0.785039261,0.846234371,1.29944634,4.183333333,0.083333333,1,13.06698771
252,4.2,Continuous,10.73567,391,16.87263562,14.05,0.785040273,0.844813394,1.027835245,4.2,0.083333333,1,16.41780005
253,4.216666667,Continuous,14.020065,333,14.35348845,14.05,0.785041286,0.84338763,0.864190002,4.216666667,0.083333333,1,16.61167558
254,4.233333333,Continuous,11.222635,366,15.75844093,14.05,0.785042298,0.841957132,1.123782427,4.233333333,0.083333333,1,14.02459554
255,4.25,Continuous,10.905015,381,16.38584539,14.05,0.78504331,0.840521951,1.043529055,4.25,0.083333333,1,15.70439842
256,4.266666667,Continuous,13.83994,343,14.73456764,14.05,0.785044323,0.839082139,0.86041558,4.266666667,0.083333333,1,17.12743957
257,4.283333333,Continuous,11.96852,359,15.40432273,14.05,0.785045335,0.837637747,1.069179815,4.283333333,0.083333333,1,14.40961404
258,4.3,Continuous,11.085995,386,16.54390833,14.05,0.785046347,0.836188827,1.051822592,4.3,0.083333333,1,15.73083875
259,4.316666667,Continuous,12.2862,351,15.02612864,14.05,0.78504736,0.834735431,0.981540265,4.316666667,0.083333333,1,15.31090467
260,4.333333333,Continuous,12.12021,363,15.52171915,14.05,0.785048372,0.833277613,0.984760165,4.333333333,0.083333333,1,15.7640997
261,4.35,Continuous,13.529855,359,15.33255501,14.05,0.785049384,0.831815424,0.897171477,4.35,0.083333333,1,17.0922629
262,4.366666667,Continuous,12.23526,365,15.57033279,14.05,0.785050397,0.830348918,1.05421544,4.366666667,0.083333333,1,14.77161633
263,4.383333333,Continuous,11.128765,388,16.53181923,14.05,0.785051409,0.828878148,1.074315074,4.383333333,0.083333333,1,15.39022423
264,4.4,Continuous,13.30043,359,15.27761761,14.05,0.785052421,0.827403167,0.906805269,4.4,0.083333333,1,16.85008484
265,4.416666667,Continuous,12.039665,362,15.38662889,14.05,0.785053434,0.825924027,1.062272081,4.416666667,0.083333333,1,14.48664111
266,4.433333333,Continuous,11.000195,384,16.30193794,14.05,0.785054446,0.824440784,1.073817328,4.433333333,0.083333333,1,15.18327228
267,4.45,Continuous,11.59636,354,15.0097204,14.05,0.785055458,0.82295349,1.030521646,4.45,0.083333333,1,14.56722502
268,4.466666667,Continuous,11.86096,358,15.16057394,14.05,0.785056471,0.821462199,0.980392818,4.466666667,0.083333333,1,15.46593504
269,4.483333333,Continuous,13.056945,348,14.718691,14.05,0.785057483,0.819966966,0.918783069,4.483333333,0.083333333,1,16.02206936
270,4.5,Continuous,13.153355,359,15.16498093,14.05,0.785058495,0.818467844,0.94510488,4.5,0.083333333,1,16.04805314
271,4.516666667,Continuous,11.8241,372,15.69439368,14.05,0.785059508,0.816964888,1.065840106,4.516666667,0.083333333,1,14.72688383
272,4.533333333,Continuous,10.783905,377,15.88518629,14.05,0.78506052,0.815458152,1.111313573,4.533333333,0.083333333,1,14.29595907
273,4.55,Continuous,11.46984,358,15.06523971,14.05,0.785061532,0.813947691,1.013850237,4.55,0.083333333,1,14.86150868
274,4.566666667,Continuous,11.00226,347,14.58351554,14.05,0.785062544,0.812433559,1.069516627,4.566666667,0.083333333,1,13.63757874
275,4.583333333,Continuous,10.419965,351,14.73257958,14.05,0.785063557,0.810915811,1.072930667,4.583333333,0.083333333,1,13.73311341
276,4.6,Continuous,12.791685,333,13.95877631,14.05,0.785064569,0.809394501,0.866766184,4.6,0.083333333,1,16.10684957
277,4.616666667,Continuous,12.558665,330,13.81490243,14.05,0.785065581,0.807869685,0.975390298,4.616666667,0.083333333,1,14.16560728
278,4.633333333,Continuous,8.23596,365,15.26022762,14.05,0.785066594,0.806341417,1.415949082,4.633333333,0.083333333,1,10.77886101
279,4.65,Continuous,13.69889,347,14.4883556,14.05,0.785067606,0.804809753,0.71902176,4.65,0.083333333,1,20.15299726
280,4.666666667,Continuous,15.57054,292,12.17536155,14.05,0.785068618,0.803274748,0.870907496,4.666666667,0.083333333,1,13.9824801
281,4.683333333,Continuous,12.052275,404,16.8235954,14.05,0.785069631,0.801736456,1.024171785,4.683333333,0.083333333,1,16.42856992
282,4.7,Continuous,10.47506,367,15.26203897,14.05,0.785070643,0.800194933,1.239133714,4.7,0.083333333,1,12.31837886
283,4.716666667,Continuous,9.61528,386,16.03052833,14.05,0.785071655,0.798650234,1.137023571,4.716666667,0.083333333,1,14.10050372
284,4.733333333,Continuous,10.089075,324,13.43700796,14.05,0.785072668,0.797102414,1.136833654,4.733333333,0.083333333,1,11.82150251
285,4.75,Continuous,12.09733,340,14.08134453,14.05,0.78507368,0.795551529,0.844426001,4.75,0.083333333,1,16.67809328
286,4.766666667,Continuous,13.015955,302,12.49008243,14.05,0.785074692,0.793997634,0.943396009,4.766666667,0.083333333,1,13.24168276
287,4.783333333,Continuous,10.500455,364,15.03383929,14.05,0.785075705,0.792440784,1.081515039,4.783333333,0.083333333,1,13.90263114
288,4.8,Continuous,10.897315,336,13.85790136,14.05,0.785076717,0.790881035,1.048817989,4.8,0.083333333,1,13.21484185
289,4.816666667,Continuous,12.07837,338,13.92087896,14.05,0.785077729,0.789318441,0.913757403,4.816666667,0.083333333,1,15.23701863
290,4.833333333,Continuous,12.66014,326,13.40767082,14.05,0.785078742,0.787753058,0.945858419,4.833333333,0.083333333,1,14.17730948
291,4.85,Continuous,10.763185,354,14.53882108,14.05,0.785079754,0.786184942,1.094610935,4.85,0.083333333,1,13.28405775
292,4.866666667,Continuous,10.454685,348,14.27203256,14.05,0.785080766,0.784614147,1.076589108,4.866666667,0.083333333,1,13.25861772
293,4.883333333,Continuous,12.48753,332,13.59628238,14.05,0.785081779,0.78304073,0.88850237,4.883333333,0.083333333,1,15.30477665
294,4.9,Continuous,12.445675,327,13.37224054,14.05,0.785082791,0.781464744,0.97238599,4.9,0.083333333,1,13.75409116
295,4.916666667,Continuous,11.478925,357,14.57814934,14.05,0.785083803,0.779886246,1.014180335,4.916666667,0.083333333,1,14.3763302
296,4.933333333,Continuous,11.45494,343,13.98604223,14.05,0.785084816,0.77830529,1.034357229,4.933333333,0.083333333,1,13.52345293
297,4.95,Continuous,11.6205,349,14.20996849,14.05,0.785085828,0.776721932,0.9857149,4.95,0.083333333,1,14.41796668
298,4.966666667,Continuous,11.71373,337,13.70118521,14.05,0.78508684,0.775136226,1.009797904,4.966666667,0.083333333,1,13.57025825
299,4.983333333,Continuous,9.974215,348,14.1276256,14.05,0.785087853,0.773548228,1.153083225,4.983333333,0.083333333,1,12.2538039
300,5,Discrete,11.7627,24921,7.118005205,46.53846154,1,0.771957992,1,15.18333333,1,10,10.13035577
301,5.016666667,Continuous,14.146115,315,12.74981891,14.05,0.785089877,0.770365573,0.929909024,5.016666667,0.083333333,1,13.7130006
302,5.033333333,Continuous,9.613975,387,15.64111445,14.05,0.78509089,0.768771026,1.264523779,5.033333333,0.083333333,1,12.37077213
303,5.05,Continuous,10.3447,357,14.40680328,14.05,0.785091902,0.767174406,1.081916344,5.05,0.083333333,1,13.3178701
304,5.066666667,Continuous,11.26513,328,13.21637174,14.05,0.785092914,0.765575767,1.0030155,5.066666667,0.083333333,1,13.17864653
305,5.083333333,Continuous,11.06311,331,13.31705999,14.05,0.785093926,0.763975163,1.01279839,5.083333333,0.083333333,1,13.15076333
306,5.1,Continuous,11.054445,328,13.17625441,14.05,0.785094939,0.76237265,1.011113629,5.1,0.083333333,1,13.03341476
307,5.116666667,Continuous,10.48975,327,13.11598966,14.05,0.785095951,0.76076828,1.059758336,5.116666667,0.083333333,1,12.37828949
308,5.133333333,Continuous,9.33845,325,13.01573478,14.05,0.785096963,0.759162109,1.151508013,5.133333333,0.083333333,1,11.30494739
309,5.15,Continuous,11.951815,314,12.55573427,14.05,0.785097976,0.757554189,0.843938766,5.15,0.083333333,1,14.87991122
310,5.166666667,Continuous,12.915615,294,11.73766316,14.05,0.785098988,0.755944576,0.909101115,5.166666667,0.083333333,1,12.91348069
311,5.183333333,Continuous,12.468205,343,13.67296245,14.05,0.7851,0.754333323,0.91255317,5.183333333,0.083333333,1,14.98537984
312,5.2,Continuous,12.3953,332,13.21372384,14.05,0.785101013,0.752720483,0.99454632,5.2,0.083333333,1,13.28818366
313,5.216666667,Continuous,10.010165,360,14.30581452,14.05,0.785102025,0.75110611,1.17159907,5.216666667,0.083333333,1,12.21219962
314,5.233333333,Continuous,10.97891,342,13.5690054,14.05,0.785103037,0.749490257,1.004289133,5.233333333,0.083333333,1,13.51303028
315,5.25,Continuous,12.681215,321,12.71554371,14.05,0.78510405,0.747872977,0.904574207,5.25,0.083333333,1,14.05912808
316,5.266666667,Continuous,11.155025,334,13.20955904,14.05,0.785105062,0.746254323,1.071292982,5.266666667,0.083333333,1,12.33232835
317,5.283333333,Continuous,10.504885,348,13.74137581,14.05,0.785106074,0.744634349,1.057850705,5.283333333,0.083333333,1,12.99176753
318,5.3,Continuous,10.066475,323,12.73363428,14.05,0.785107087,0.743013106,1.121345853,5.3,0.083333333,1,11.35742884
319,5.316666667,Continuous,10.69691,328,12.90998227,14.05,0.785108099,0.741390648,0.970476521,5.316666667,0.083333333,1,13.30475316
320,5.333333333,Continuous,11.700775,301,11.8279784,14.05,0.785109111,0.739767026,0.957133181,5.333333333,0.083333333,1,12.35976741
321,5.35,Continuous,11.52379,325,12.75052698,14.05,0.785110124,0.738142292,0.951822274,5.35,0.083333333,1,13.39797277
322,5.366666667,Continuous,11.139775,318,12.45555581,14.05,0.785111136,0.736516499,1.030810766,5.366666667,0.083333333,1,12.08516146
323,5.383333333,Continuous,12.16494,333,13.02186773,14.05,0.785112148,0.734889699,0.897094437,5.383333333,0.083333333,1,14.51778399
324,5.4,Continuous,12.686865,316,12.33672555,14.05,0.785113161,0.733261942,0.954278303,5.4,0.083333333,1,12.92985268
325,5.416666667,Continuous,10.01596,351,13.68079692,14.05,0.785114173,0.73163328,1.165380053,5.416666667,0.083333333,1,11.74101615
326,5.433333333,Continuous,12.675395,338,13.15226486,14.05,0.785115185,0.730003764,0.859775968,5.433333333,0.083333333,1,15.29957948
327,5.45,Continuous,12.385115,315,12.23683239,14.05,0.785116198,0.728373446,1.014871481,5.45,0.083333333,1,12.05943342
328,5.466666667,Continuous,10.17277,364,14.11711005,14.05,0.78511721,0.726742375,1.112607481,5.466666667,0.083333333,1,12.69005443
329,5.483333333,Continuous,12.28948,327,12.66075161,14.05,0.785118222,0.725110603,0.92979524,5.483333333,0.083333333,1,13.61879182
330,5.5,Continuous,10.15767,330,12.75550799,14.05,0.785119235,0.72347818,1.172503143,5.5,0.083333333,1,10.88051747
331,5.516666667,Continuous,10.356865,344,13.27436781,14.05,0.785120247,0.721845155,1.00919535,5.516666667,0.083333333,1,13.15532964
332,5.533333333,Continuous,11.4096,301,11.59522639,14.05,0.785121259,0.720211578,0.997247932,5.533333333,0.083333333,1,11.62915707
333,5.55,Continuous,9.82566,328,12.61410187,14.05,0.785122272,0.7185775,1.096221526,5.55,0.083333333,1,11.5086456
334,5.566666667,Continuous,9.579775,310,11.90149814,14.05,0.785123284,0.716942968,1.103616734,5.566666667,0.083333333,1,10.78582598
335,5.583333333,Continuous,10.70886,304,11.65120736,14.05,0.785124296,0.715308034,0.940025362,5.583333333,0.083333333,1,12.39660594
336,5.6,Continuous,12.422435,289,11.05726681,14.05,0.785125309,0.713672744,0.871294557,5.6,0.083333333,1,12.69281447
337,5.616666667,Continuous,10.889665,311,11.87871578,14.05,0.785126321,0.712037148,1.041565558,5.616666667,0.083333333,1,11.40650798
338,5.633333333,Continuous,8.866565,326,12.43029129,14.05,0.785127333,0.710401295,1.206656693,5.633333333,0.083333333,1,10.30301174
339,5.65,Continuous,10.39798,307,11.68548971,14.05,0.785128345,0.708765232,0.95716668,5.65,0.083333333,1,12.21040539
340,5.666666667,Continuous,11.215655,285,10.82915292,14.05,0.785129358,0.707129006,0.958080469,5.666666667,0.083333333,1,11.30495137
341,5.683333333,Continuous,10.328675,308,11.6828872,14.05,0.78513037,0.705492667,1.017720085,5.683333333,0.083333333,1,11.48133387
342,5.7,Continuous,11.4541,301,11.39740799,14.05,0.785131382,0.70385626,0.921242175,5.7,0.083333333,1,12.37383814
343,5.716666667,Continuous,11.91156,302,11.41527015,14.05,0.785132395,0.702219834,0.932430345,5.716666667,0.083333333,1,12.24451828
344,5.733333333,Continuous,9.9741,318,11.99905543,14.05,0.785133407,0.700583434,1.127941368,5.733333333,0.083333333,1,10.63968634
345,5.75,Continuous,9.798415,322,12.12862046,14.05,0.785134419,0.698947107,1.054221525,5.75,0.083333333,1,11.50659875
346,5.766666667,Continuous,10.64835,295,11.09184565,14.05,0.785135432,0.6973109,0.996445459,5.766666667,0.083333333,1,11.13329972
347,5.783333333,Continuous,11.079245,303,11.37251521,14.05,0.785136444,0.695674858,0.942726693,5.783333333,0.083333333,1,12.0654186
348,5.8,Continuous,9.710605,298,11.16495153,14.05,0.785137456,0.694039027,1.129322014,5.8,0.083333333,1,9.888078877
349,5.816666667,Continuous,10.724205,313,11.70614876,14.05,0.785138469,0.692403453,0.914081743,5.816666667,0.083333333,1,12.80850333
350,5.833333333,Continuous,12.486985,279,10.41570919,14.05,0.785139481,0.690768179,0.895772679,5.833333333,0.083333333,1,11.62970962
351,5.85,Continuous,10.24854,319,11.88793078,14.05,0.785140493,0.689133252,1.081958991,5.85,0.083333333,1,10.98913589
352,5.866666667,Continuous,11.13715,316,11.7549559,14.05,0.785141506,0.687498716,0.95287394,5.866666667,0.083333333,1,12.33827022
353,5.883333333,Continuous,12.726485,302,11.21384328,14.05,0.785142518,0.685864614,0.885829827,5.883333333,0.083333333,1,12.66123566
354,5.9,Continuous,11.21724,321,11.89793169,14.05,0.78514353,0.684230991,1.04865368,5.9,0.083333333,1,11.3476789
355,5.916666667,Continuous,11.549025,335,12.39443038,14.05,0.785144543,0.68259789,0.959327735,5.916666667,0.083333333,1,12.92184111
356,5.933333333,Continuous,10.35663,315,11.63318345,14.05,0.785145555,0.680965355,1.143760084,5.933333333,0.083333333,1,10.17261438
357,5.95,Continuous,10.26901,337,12.42312033,14.05,0.785146567,0.679333429,1.009435184,5.95,0.083333333,1,12.30882774
358,5.966666667,Continuous,12.302255,294,10.8179476,14.05,0.78514758,0.677702153,0.918994119,5.966666667,0.083333333,1,11.77351136
359,5.983333333,Continuous,11.06054,321,11.78997533,14.05,0.785148592,0.676071572,1.022734876,5.983333333,0.083333333,1,11.52968608
360,6,Continuous,10.71198,321,11.76833306,14.05,0.785149604,0.674441725,1.040470576,6,0.083333333,1,11.31234914
361,6.016666667,Continuous,9.631245,316,11.56367696,14.05,0.785150617,0.672812657,1.139894167,6.016666667,0.083333333,1,10.14612346
362,6.033333333,Continuous,10.72729,311,11.35968154,14.05,0.785151629,0.671184407,0.952934059,6.033333333,0.083333333,1,11.92265933
363,6.05,Continuous,11.950065,289,10.53644974,14.05,0.785152641,0.669557017,0.925551451,6.05,0.083333333,1,11.38593966
364,6.066666667,Continuous,9.145735,313,11.39044215,14.05,0.785153654,0.667930527,1.210039434,6.066666667,0.083333333,1,9.414785735
365,6.083333333,Continuous,9.71082,313,11.36927174,14.05,0.785154666,0.666304979,1.01156236,6.083333333,0.083333333,1,11.24111439
366,6.1,Continuous,12.97361,277,10.04266973,14.05,0.785155678,0.664680412,0.816511364,6.1,0.083333333,1,12.30170608
367,6.116666667,Continuous,11.010765,299,10.82018194,14.05,0.785156691,0.663056866,1.054177435,6.116666667,0.083333333,1,10.26581606
368,6.133333333,Continuous,8.44875,328,11.84758759,14.05,0.785157703,0.661434381,1.246977364,6.133333333,0.083333333,1,9.502493189
369,6.15,Continuous,11.053515,297,10.70754777,14.05,0.785158715,0.659812996,0.897026873,6.15,0.083333333,1,11.93871779
370,6.166666667,Continuous,12.34599,279,10.0395809,14.05,0.785159727,0.658192749,0.896623114,6.166666667,0.083333333,1,11.1991095
371,6.183333333,Continuous,9.65138,312,11.20611001,14.05,0.78516074,0.65657368,1.151244692,6.183333333,0.083333333,1,9.735468252
372,6.2,Continuous,8.483015,313,11.22079651,14.05,0.785161752,0.654955826,1.195482974,6.2,0.083333333,1,9.387494012
373,6.216666667,Continuous,9.898735,285,10.19751644,14.05,0.785162764,0.653339226,0.982792246,6.216666667,0.083333333,1,10.3778859
374,6.233333333,Continuous,11.18552,273,9.749538862,14.05,0.785163777,0.651723916,0.904562327,6.233333333,0.083333333,1,10.78015801
375,6.25,Continuous,12.45979,284,10.12316444,14.05,0.785164789,0.650109935,0.846145882,6.25,0.083333333,1,11.96595909
376,6.266666667,Continuous,12.66154,296,10.53087464,14.05,0.785165801,0.648497318,0.907614714,6.266666667,0.083333333,1,11.60476318
377,6.283333333,Continuous,10.32103,323,11.46968057,14.05,0.785166814,0.646886103,1.124267636,6.283333333,0.083333333,1,10.20349245
378,6.3,Continuous,10.2499,326,11.55407622,14.05,0.785167826,0.645276325,1.043951648,6.3,0.083333333,1,11.06933315
379,6.316666667,Continuous,10.663065,300,10.61205786,14.05,0.785168838,0.643668022,1.03362401,6.316666667,0.083333333,1,10.26855678
380,6.333333333,Continuous,8.86151,309,10.9094725,14.05,0.785169851,0.642061227,1.193103658,6.333333333,0.083333333,1,9.145255737
381,6.35,Continuous,11.224115,296,10.43030561,14.05,0.785170863,0.640455977,0.87069671,6.35,0.083333333,1,11.98128771
382,6.366666667,Continuous,11.833895,273,9.601150341,14.05,0.785171875,0.638852306,0.950743606,6.366666667,0.083333333,1,10.10041936
383,6.383333333,Continuous,10.794975,315,11.05710999,14.05,0.785172888,0.637250249,0.984319093,6.383333333,0.083333333,1,11.235041
384,6.4,Continuous,11.72755,297,10.40498775,14.05,0.7851739,0.63564984,0.951477504,6.4,0.083333333,1,10.93745221
385,6.416666667,Continuous,10.85408,312,10.90937471,14.05,0.785174912,0.634051113,1.02861781,6.416666667,0.083333333,1,10.6075582
386,6.433333333,Continuous,7.322095,312,10.88817021,14.05,0.785175925,0.632454101,1.496853018,6.433333333,0.083333333,1,7.275206887
387,6.45,Continuous,9.603045,306,10.65795411,14.05,0.785176937,0.630858838,0.911335936,6.45,0.083333333,1,11.69677994
388,6.466666667,Continuous,12.79029,243,8.446800194,14.05,0.785177949,0.629265356,0.844155996,6.466666667,0.083333333,1,10.00826697
389,6.483333333,Continuous,11.093625,301,10.44287465,14.05,0.785178962,0.627673689,0.964283541,6.483333333,0.083333333,1,10.83147144
390,6.5,Continuous,11.91543,298,10.31853389,14.05,0.785179974,0.626083867,0.924893185,6.5,0.083333333,1,11.15833228
391,6.516666667,Continuous,11.055135,307,10.60937099,14.05,0.785180986,0.624495924,1.029295436,6.516666667,0.083333333,1,10.3090899
392,6.533333333,Continuous,9.915425,317,10.93348645,14.05,0.785181999,0.62290989,1.102040508,6.533333333,0.083333333,1,9.922694471
393,6.55,Continuous,8.85789,304,10.46440454,14.05,0.785183011,0.621325797,1.194471821,6.55,0.083333333,1,8.76213717
394,6.566666667,Continuous,10.270745,294,10.10017396,14.05,0.785184023,0.619743676,0.944819485,6.566666667,0.083333333,1,10.69187514
395,6.583333333,Continuous,9.543705,269,9.222921885,14.05,0.785185036,0.618163556,1.117322885,6.583333333,0.083333333,1,8.256016796
396,6.6,Continuous,10.708385,296,10.12874208,14.05,0.785186048,0.616585469,0.867647176,6.6,0.083333333,1,11.67577512
397,6.616666667,Continuous,11.7104,257,8.776565286,14.05,0.78518706,0.615009444,0.950872729,6.616666667,0.083333333,1,9.231806589
398,6.633333333,Continuous,9.398905,309,10.53177547,14.05,0.785188073,0.613435511,1.091307977,6.633333333,0.083333333,1,9.652160655
399,6.65,Continuous,10.24045,284,9.660316109,14.05,0.785189085,0.611863698,1.005639401,6.65,0.083333333,1,9.607834739
400,6.666666667,Continuous,9.57001,285,9.675042076,14.05,0.785190097,0.610294035,1.069288329,6.666666667,0.083333333,1,9.049701085
401,6.683333333,Continuous,10.719065,283,9.587984355,14.05,0.78519111,0.60872655,0.918867457,6.683333333,0.083333333,1,10.43641122
402,6.7,Continuous,10.111875,272,9.196843521,14.05,0.785192122,0.607161271,1.055234563,6.7,0.083333333,1,8.717051874
403,6.716666667,Continuous,9.57045,295,9.954718097,14.05,0.785193134,0.605598226,1.019168378,6.716666667,0.083333333,1,9.769146926
404,6.733333333,Continuous,8.921235,269,9.059029593,14.05,0.785194146,0.604037443,1.149661454,6.733333333,0.083333333,1,7.881201644
405,6.75,Continuous,8.792305,283,9.51148095,14.05,0.785195159,0.602478948,1.029832336,6.75,0.083333333,1,9.237583037
406,6.766666667,Continuous,11.37748,249,8.351753284,14.05,0.785196171,0.600922769,0.852517429,6.766666667,0.083333333,1,9.798545336
407,6.783333333,Continuous,10.81161,267,8.937608299,14.05,0.785197183,0.599368931,0.956860264,6.783333333,0.083333333,1,9.342306977
408,6.8,Continuous,8.474455,285,9.521047265,14.05,0.785198196,0.597817462,1.204643838,6.8,0.083333333,1,7.905006952
409,6.816666667,Continuous,9.382245,281,9.368468105,14.05,0.785199208,0.596268387,0.978689002,6.816666667,0.083333333,1,9.574170513
410,6.833333333,Continuous,12.64888,252,8.384481885,14.05,0.78520022,0.594721731,0.791105616,6.833333333,0.083333333,1,10.60053884
411,6.85,Continuous,13.47205,275,9.131387367,14.05,0.785201233,0.59317752,0.827854707,6.85,0.083333333,1,11.03218699
412,6.866666667,Continuous,9.26463,307,10.17350784,14.05,0.785202245,0.591635779,1.28149748,6.866666667,0.083333333,1,7.94005856
413,6.883333333,Continuous,8.26291,327,10.81442315,14.05,0.785203257,0.590096531,1.174223125,6.883333333,0.083333333,1,9.211262113
414,6.9,Continuous,12.09448,266,8.778894808,14.05,0.78520427,0.588559802,0.846981433,6.9,0.083333333,1,10.36686868
415,6.916666667,Continuous,10.50896,281,9.255196428,14.05,0.785205282,0.587025615,1.053491497,6.916666667,0.083333333,1,8.786823227
416,6.933333333,Continuous,9.07722,304,9.992506558,14.05,0.785206294,0.585493993,1.117963429,6.933333333,0.083333333,1,8.939603989
417,6.95,Continuous,10.632485,278,9.119134394,14.05,0.785207307,0.58396496,0.948273146,6.95,0.083333333,1,9.618299179
418,6.966666667,Continuous,10.799335,276,9.035058104,14.05,0.785208319,0.582438539,0.970587541,6.966666667,0.083333333,1,9.310541097
419,6.983333333,Continuous,11.63377,287,9.376038473,14.05,0.785209331,0.580914753,0.895341751,6.983333333,0.083333333,1,10.47384667
420,7,Discrete,10.387,15227,4.303218158,46.53846154,1,0.579393623,1,19.33333333,0.8,10,6.598046385
421,7.016666667,Continuous,10.04068,308,10.02110439,14.05,0.785211356,0.577875171,1.042160491,7.016666667,0.083333333,1,9.617262933
422,7.033333333,Continuous,11.11129,286,9.286138097,14.05,0.785212368,0.57635942,0.964847466,7.033333333,0.083333333,1,9.626145229
423,7.05,Continuous,12.560075,293,9.493956791,14.05,0.785213381,0.574846391,0.859771936,7.05,0.083333333,1,11.04429768
424,7.066666667,Continuous,11.35941,295,9.539155518,14.05,0.785214393,0.573336104,1.046022637,7.066666667,0.083333333,1,9.121000123
425,7.083333333,Continuous,8.859935,325,10.487813,14.05,0.785215405,0.57182858,1.220212112,7.083333333,0.083333333,1,8.596396197
426,7.1,Continuous,9.392955,295,9.499981532,14.05,0.785216418,0.57032384,1.094213695,7.1,0.083333333,1,8.683488438
427,7.116666667,Continuous,10.135645,280,8.998288564,14.05,0.78521743,0.568821904,0.993335895,7.116666667,0.083333333,1,9.060274306
428,7.133333333,Continuous,11.23913,274,8.787290152,14.05,0.785218442,0.567322791,0.912330403,7.133333333,0.083333333,1,9.633455093
429,7.15,Continuous,9.74491,279,8.929217361,14.05,0.785219455,0.565826521,1.10454586,7.15,0.083333333,1,8.085511147
430,7.166666667,Continuous,11.3427,293,9.358000507,14.05,0.785220467,0.564333113,0.860553484,7.166666667,0.083333333,1,10.87625335
431,7.183333333,Continuous,13.199505,265,8.446080187,14.05,0.785221479,0.562842586,0.868267409,7.183333333,0.083333333,1,9.729346058
432,7.2,Continuous,12.305685,312,9.923781153,14.05,0.785222492,0.561354958,0.928928377,7.2,0.083333333,1,10.6847546
433,7.216666667,Continuous,11.799665,311,9.871493745,14.05,0.785223504,0.559870249,1.018283146,7.216666667,0.083333333,1,9.695811125
434,7.233333333,Continuous,9.864495,327,10.3579309,14.05,0.785224516,0.558388475,1.16381021,7.233333333,0.083333333,1,8.901378279
435,7.25,Continuous,9.535635,312,9.862232958,14.05,0.785225528,0.556909654,1.132625148,7.25,0.083333333,1,8.708806897
436,7.266666667,Continuous,11.875255,293,9.242333359,14.05,0.785226541,0.555433804,0.879568481,7.266666667,0.083333333,1,10.50959763
437,7.283333333,Continuous,11.3817,283,8.908302594,14.05,0.785227553,0.553960942,1.019917938,7.283333333,0.083333333,1,8.735876134
438,7.3,Continuous,8.355125,315,9.895170969,14.05,0.785228565,0.552491084,1.277551204,7.3,0.083333333,1,7.746649882
439,7.316666667,Continuous,10.03666,289,9.059414342,14.05,0.785229578,0.551024247,0.977506461,7.316666667,0.083333333,1,9.269485517
440,7.333333333,Continuous,10.41821,265,8.289654023,14.05,0.78523059,0.549560448,1.01181489,7.333333333,0.083333333,1,8.194402445
441,7.35,Continuous,9.373335,285,8.896835032,14.05,0.785231602,0.548099701,1.063346184,7.35,0.083333333,1,8.368296507
442,7.366666667,Continuous,9.59371,269,8.379771444,14.05,0.785232615,0.546642023,1.039535279,7.366666667,0.083333333,1,8.062573231
443,7.383333333,Continuous,11.160725,269,8.362291268,14.05,0.785233627,0.54518743,0.871296444,7.383333333,0.083333333,1,9.599311403
444,7.4,Continuous,12.26086,262,8.127643485,14.05,0.785234639,0.543735935,0.882442178,7.4,0.083333333,1,9.212155836
445,7.416666667,Continuous,11.10167,292,9.039546051,14.05,0.785235652,0.542287554,0.991517492,7.416666667,0.083333333,1,9.118441433
446,7.433333333,Continuous,9.01965,297,9.175141804,14.05,0.785236664,0.540842301,1.213007157,7.433333333,0.083333333,1,7.565237064
447,7.45,Continuous,8.3318,295,9.0942858,14.05,0.785237676,0.539400191,1.169795242,7.45,0.083333333,1,7.775572286
448,7.466666667,Continuous,10.333145,262,8.059883919,14.05,0.785238689,0.537961237,0.933200879,7.466666667,0.083333333,1,8.638464169
449,7.483333333,Continuous,12.177445,259,7.950893654,14.05,0.785239701,0.536525454,0.834197978,7.483333333,0.083333333,1,9.533023429
450,7.5,Continuous,11.4442,273,8.363195454,14.05,0.785240713,0.535092854,0.970954719,7.5,0.083333333,1,8.614951128
451,7.516666667,Continuous,10.8589,299,9.140633856,14.05,0.785241726,0.53366345,0.983561871,7.516666667,0.083333333,1,9.294954304
452,7.533333333,Continuous,9.545055,287,8.755321422,14.05,0.785242738,0.532237256,1.16162767,7.533333333,0.083333333,1,7.538428389
453,7.55,Continuous,9.848735,298,9.071871353,14.05,0.78524375,0.530814284,0.996726991,7.55,0.083333333,1,9.103188554
454,7.566666667,Continuous,11.46464,263,7.989393805,14.05,0.785244763,0.529394546,0.933173654,7.566666667,0.083333333,1,8.563157518
455,7.583333333,Continuous,9.58949,287,8.700287206,14.05,0.785245775,0.527978054,1.104886704,7.583333333,0.083333333,1,7.875742524
456,7.6,Continuous,7.20487,284,8.591233079,14.05,0.785246787,0.52656482,1.390212454,7.6,0.083333333,1,6.18088686
457,7.616666667,Continuous,9.54978,268,8.090087777,14.05,0.7852478,0.525154856,0.899989319,7.616666667,0.083333333,1,8.990770481
458,7.633333333,Continuous,12.06828,229,6.898037547,14.05,0.785248812,0.523748173,0.84302817,7.633333333,0.083333333,1,8.184238969
459,7.65,Continuous,10.94977,272,8.176341217,14.05,0.785249824,0.522344782,0.943060904,7.65,0.083333333,1,8.671597411
460,7.666666667,Continuous,10.607705,276,8.279135659,14.05,0.785250837,0.520944694,1.0016587,7.666666667,0.083333333,1,8.266923429
461,7.683333333,Continuous,10.366295,284,8.501210351,14.05,0.785251849,0.519547919,1.004351121,7.683333333,0.083333333,1,8.46587128
462,7.7,Continuous,9.178925,278,8.304041352,14.05,0.785252861,0.518154467,1.146888116,7.7,0.083333333,1,7.241800693
463,7.716666667,Continuous,9.103985,281,8.375976635,14.05,0.785253874,0.516764348,1.052165618,7.716666667,0.083333333,1,7.962118461
464,7.733333333,Continuous,10.44719,255,7.584810025,14.05,0.785254886,0.515377573,0.949049457,7.733333333,0.083333333,1,7.993574493
465,7.75,Continuous,12.15613,264,7.835998,14.05,0.785255898,0.51399415,0.825155703,7.75,0.083333333,1,9.498186027
466,7.766666667,Continuous,11.26548,267,7.908338249,14.05,0.78525691,0.512614089,1.005150247,7.766666667,0.083333333,1,7.869290701
467,7.783333333,Continuous,9.80298,302,8.926325552,14.05,0.785257923,0.5112374,1.06195259,7.783333333,0.083333333,1,8.406970094
468,7.8,Continuous,10.19913,277,8.169983208,14.05,0.785258935,0.50986409,1.042941898,7.8,0.083333333,1,7.835008083
469,7.816666667,Continuous,9.752035,283,8.329354425,14.05,0.785259947,0.508494168,1.046027829,7.816666667,0.083333333,1,7.964249201
470,7.833333333,Continuous,11.0796,271,7.959254756,14.05,0.78526096,0.507127643,0.921224593,7.833333333,0.083333333,1,8.641457886
471,7.85,Continuous,10.332745,271,7.942437061,14.05,0.785261972,0.505764523,1.041920613,7.85,0.083333333,1,7.624287906
472,7.866666667,Continuous,10.16958,286,8.364421072,14.05,0.785262984,0.504404815,0.993915186,7.866666667,0.083333333,1,8.417100125
473,7.883333333,Continuous,9.85336,268,7.821328102,14.05,0.785263997,0.503048527,1.075115494,7.883333333,0.083333333,1,7.276229971
474,7.9,Continuous,9.521375,281,8.183452138,14.05,0.785265009,0.501695667,1.027887254,7.9,0.083333333,1,7.962846605
475,7.916666667,Continuous,11.596835,259,7.52668977,14.05,0.785266021,0.500346242,0.876273569,7.916666667,0.083333333,1,8.591087695
476,7.933333333,Continuous,9.368625,269,7.800816751,14.05,0.785267034,0.499000258,1.156370332,7.933333333,0.083333333,1,6.747204396
477,7.95,Continuous,8.316175,287,8.305294422,14.05,0.785268046,0.497657723,1.134355638,7.95,0.083333333,1,7.322872395
478,7.966666667,Continuous,8.9893,249,7.190201695,14.05,0.785269058,0.496318643,1.074733294,7.966666667,0.083333333,1,6.691563238
479,7.983333333,Continuous,12.0271,255,7.347912451,14.05,0.785270071,0.494983024,0.754421265,7.983333333,0.083333333,1,9.741710419
480,8,Continuous,9.379465,239,6.872201648,14.05,0.785271083,0.493650872,1.212979632,8,0.083333333,1,5.666739547
481,8.016666667,Continuous,6.40605,301,8.637001816,14.05,0.785272095,0.492322194,1.33121034,8.016666667,0.083333333,1,6.489159911
482,8.033333333,Continuous,12.334235,224,6.413564219,14.05,0.785273108,0.490996994,0.736900181,8.033333333,0.083333333,1,8.705380058
483,8.05,Continuous,11.28655,239,6.828653242,14.05,0.78527412,0.489675278,0.95711267,8.05,0.083333333,1,7.136131772
484,8.066666667,Continuous,8.78397,285,8.125989739,14.05,0.785275132,0.488357052,1.133211976,8.066666667,0.083333333,1,7.172017041
485,8.083333333,Continuous,9.65072,262,7.454277325,14.05,0.785276145,0.487042321,1.012763815,8.083333333,0.083333333,1,7.361736332
486,8.1,Continuous,10.85044,257,7.296511382,14.05,0.785277157,0.485731088,0.904709855,8.1,0.083333333,1,8.066598558
487,8.116666667,Continuous,9.517925,258,7.309398671,14.05,0.785278169,0.48442336,1.098422188,8.116666667,0.083333333,1,6.655742736
488,8.133333333,Continuous,8.048915,275,7.774622414,14.05,0.785279182,0.48311914,1.170095597,8.133333333,0.083333333,1,6.645641827
489,8.15,Continuous,11.1937,247,6.968095239,14.05,0.785280194,0.481818433,0.825196316,8.15,0.083333333,1,8.445876378
490,8.166666667,Continuous,11.39146,242,6.812557056,14.05,0.785281206,0.480521242,0.932452908,8.166666667,0.083333333,1,7.307570005
491,8.183333333,Continuous,10.593145,279,7.837731758,14.05,0.785282219,0.479227571,0.961017715,8.183333333,0.083333333,1,8.157119792
492,8.2,Continuous,9.84429,267,7.484684474,14.05,0.785283231,0.477937425,1.091587103,8.2,0.083333333,1,6.857983521
493,8.216666667,Continuous,8.139795,282,7.888515105,14.05,0.785284243,0.476650806,1.201627314,8.216666667,0.083333333,1,6.566024204
494,8.233333333,Continuous,11.16064,256,7.14591669,14.05,0.785285256,0.475367718,0.840077272,8.233333333,0.083333333,1,8.507922892
495,8.25,Continuous,12.656375,245,6.824329442,14.05,0.785286268,0.474088163,0.853467126,8.25,0.083333333,1,7.997639554
496,8.266666667,Continuous,8.383265,283,7.866327962,14.05,0.78528728,0.472812146,1.315990846,8.266666667,0.083333333,1,5.978550718
497,8.283333333,Continuous,10.06126,289,8.016133784,14.05,0.785288293,0.471539668,0.911128427,8.283333333,0.083333333,1,8.799550819
498,8.3,Continuous,12.949685,239,6.61499177,14.05,0.785289305,0.470270731,0.850020676,8.3,0.083333333,1,7.783782365
499,8.316666667,Continuous,11.03018,288,7.954620985,14.05,0.785290317,0.469005339,0.998514983,8.316666667,0.083333333,1,7.967834602
500,8.333333333,Continuous,11.617885,288,7.937792802,14.05,0.785291329,0.467743494,0.948546142,8.333333333,0.083333333,1,8.369831235
501,8.35,Continuous,10.06659,288,7.921002825,14.05,0.785292342,0.466485197,1.132607964,8.35,0.083333333,1,6.994810643
502,8.366666667,Continuous,9.28984,298,8.178751992,14.05,0.785293354,0.46523045,1.106789783,8.366666667,0.083333333,1,7.39085653
503,8.383333333,Continuous,11.814995,268,7.339697148,14.05,0.785294366,0.463979255,0.880262751,8.383333333,0.083333333,1,8.339631255
504,8.4,Continuous,10.368755,271,7.406183031,14.05,0.785295379,0.462731614,1.083331605,8.4,0.083333333,1,6.837749126
505,8.416666667,Continuous,8.767615,293,7.990609037,14.05,0.785296391,0.461487527,1.15326688,8.416666667,0.083333333,1,6.929855518
506,8.433333333,Continuous,11.65084,263,7.157162017,14.05,0.785297403,0.460246996,0.858659118,8.433333333,0.083333333,1,8.336862442
507,8.45,Continuous,12.51628,260,7.060557575,14.05,0.785298416,0.459010021,0.889976894,8.45,0.083333333,1,7.934942673
508,8.466666667,Continuous,8.06423,290,7.8587598,14.05,0.785299428,0.457776605,1.396128335,8.466666667,0.083333333,1,5.629937304
509,8.483333333,Continuous,9.79839,293,7.923304764,14.05,0.78530044,0.456546746,0.930438572,8.483333333,0.083333333,1,8.517120133
510,8.5,Continuous,12.00802,236,6.368175743,14.05,0.785301453,0.455320447,0.91667902,8.5,0.083333333,1,6.94847933
511,8.516666667,Continuous,9.94833,286,7.701363331,14.05,0.785302465,0.454097707,1.042607151,8.516666667,0.083333333,1,7.387931255
512,8.533333333,Continuous,10.46894,269,7.228226924,14.05,0.785303477,0.452878525,1.005746523,8.533333333,0.083333333,1,7.188263193
513,8.55,Continuous,9.18617,273,7.320256877,14.05,0.78530449,0.451662904,1.130394931,8.55,0.083333333,1,6.477026418
514,8.566666667,Continuous,8.599825,269,7.197771404,14.05,0.785305502,0.450450841,1.129034602,8.566666667,0.083333333,1,6.376340914
515,8.583333333,Continuous,11.59128,251,6.701889695,14.05,0.785306514,0.449242337,0.815311165,8.583333333,0.083333333,1,8.221676934
516,8.6,Continuous,12.123055,244,6.501218749,14.05,0.785307527,0.448037392,0.907947708,8.6,0.083333333,1,7.161812495
517,8.616666667,Continuous,9.56792,285,7.577864163,14.05,0.785308539,0.446836005,1.115456651,8.616666667,0.083333333,1,6.794700484
518,8.633333333,Continuous,11.388535,276,7.323068195,14.05,0.785309551,0.445638175,0.894452184,8.633333333,0.083333333,1,8.18869383
519,8.65,Continuous,12.402515,263,6.963389976,14.05,0.785310564,0.444443902,0.910404059,8.65,0.083333333,1,7.65013512
520,8.666666667,Continuous,10.35454,292,7.715094197,14.05,0.785311576,0.443253183,1.087426385,8.666666667,0.083333333,1,7.096034828
521,8.683333333,Continuous,9.05676,291,7.672496219,14.05,0.785312588,0.44206602,1.181117751,8.683333333,0.083333333,1,6.4970785
522,8.7,Continuous,9.31757,276,7.26163902,14.05,0.785313601,0.440882409,1.075387682,8.7,0.083333333,1,6.753801347
523,8.716666667,Continuous,10.51131,258,6.77370227,14.05,0.785314613,0.439702349,0.953782164,8.716666667,0.083333333,1,7.103315109
524,8.733333333,Continuous,10.198175,258,6.7594725,14.05,0.785315625,0.43852584,1.013436228,8.733333333,0.083333333,1,6.671147671
525,8.75,Continuous,9.55587,266,6.954475272,14.05,0.785316638,0.437352879,1.050349157,8.75,0.083333333,1,6.622352865
526,8.766666667,Continuous,9.705195,258,6.731121216,14.05,0.78531765,0.436183465,1.023019115,8.766666667,0.083333333,1,6.580938568
527,8.783333333,Continuous,9.792345,255,6.638880011,14.05,0.785318662,0.435017596,1.006694515,8.783333333,0.083333333,1,6.596024821
528,8.8,Continuous,12.477565,253,6.572987971,14.05,0.785319675,0.433855269,0.790498787,8.8,0.083333333,1,8.316631655
529,8.816666667,Continuous,11.13606,253,6.559211343,14.05,0.785320687,0.432696482,1.036829902,8.816666667,0.083333333,1,6.327467864
530,8.833333333,Continuous,10.56867,297,7.684037987,14.05,0.785321699,0.431541234,0.959600404,8.833333333,0.083333333,1,8.00888764
531,8.85,Continuous,12.19355,260,6.712521405,14.05,0.785322711,0.430389521,0.932345379,8.85,0.083333333,1,7.200992971
532,8.866666667,Continuous,10.410515,292,7.523059462,14.05,0.785323724,0.429241341,1.063319154,8.866666667,0.083333333,1,7.076283589
533,8.883333333,Continuous,11.57024,284,7.301608029,14.05,0.785324736,0.428096692,0.937482714,8.883333333,0.083333333,1,7.789896964
534,8.9,Continuous,11.826695,278,7.132379302,14.05,0.785325748,0.42695557,0.969374792,8.9,0.083333333,1,7.359034294
535,8.916666667,Continuous,9.197965,294,7.527188991,14.05,0.785326761,0.425817973,1.226336478,8.916666667,0.083333333,1,6.138991606
536,8.933333333,Continuous,9.919515,289,7.383701982,14.05,0.785327773,0.424683898,1.014343947,8.933333333,0.083333333,1,7.280547865
537,8.95,Continuous,9.13978,257,6.552283781,14.05,0.785328785,0.423553341,1.18111158,8.95,0.083333333,1,5.548636472
538,8.966666667,Continuous,9.793735,276,7.022109713,14.05,0.785329798,0.4224263,0.942480065,8.966666667,0.083333333,1,7.452021879
539,8.983333333,Continuous,13.763315,235,5.966317022,14.05,0.78533081,0.421302771,0.774072235,8.983333333,0.083333333,1,7.709340877
540,9,Discrete,9.802,14760,3.242151448,46.53846154,1,0.42018275,1,20,0.8,10,4.746639134
541,9.016666667,Continuous,9.098705,299,7.559940639,14.05,0.785332835,0.419066234,1.168023362,9.016666667,0.083333333,1,6.473504986
542,9.033333333,Continuous,9.62164,271,6.837609386,14.05,0.785333847,0.417953219,1.077238392,9.033333333,0.083333333,1,6.348521574
543,9.05,Continuous,10.411365,264,6.647106946,14.05,0.785334859,0.416843702,0.966568745,9.05,0.083333333,1,6.878316873
544,9.066666667,Continuous,10.29537,256,6.43224495,14.05,0.785335872,0.415737679,1.01910859,9.066666667,0.083333333,1,6.312871424
545,9.083333333,Continuous,12.80742,267,6.694750372,14.05,0.785336884,0.414635145,0.786629938,9.083333333,0.083333333,1,8.51226731
546,9.1,Continuous,12.24987,256,6.405561551,14.05,0.785337896,0.413536096,0.989439072,9.1,0.083333333,1,6.475196974
547,9.116666667,Continuous,10.35609,309,7.715933652,14.05,0.785338909,0.412440529,1.044612397,9.116666667,0.083333333,1,7.387603678
548,9.133333333,Continuous,10.6514,275,6.85255967,14.05,0.785339921,0.411348439,1.070497775,9.133333333,0.083333333,1,6.402447512
549,9.15,Continuous,9.66671,290,7.211434228,14.05,0.785340933,0.410259822,1.088488224,9.15,0.083333333,1,6.626325975
550,9.166666667,Continuous,11.10106,267,6.62565036,14.05,0.785341946,0.409174673,0.95184604,9.166666667,0.083333333,1,6.962146264
551,9.183333333,Continuous,9.485605,268,6.636712996,14.05,0.785342958,0.408092987,1.147138216,9.183333333,0.083333333,1,5.786531497
552,9.2,Continuous,10.28384,276,6.820732233,14.05,0.78534397,0.407014761,0.949800853,9.2,0.083333333,1,7.182524713
553,9.216666667,Continuous,11.227245,247,6.091322684,14.05,0.785344983,0.405939989,0.9668534,9.216666667,0.083333333,1,6.301426872
554,9.233333333,Continuous,8.647135,275,6.767977872,14.05,0.785345995,0.404868666,1.197911216,9.233333333,0.083333333,1,5.650843358
555,9.25,Continuous,8.37288,262,6.434679237,14.05,0.785347007,0.403800788,1.145460105,9.25,0.083333333,1,5.618622105
556,9.266666667,Continuous,10.735615,242,5.931138857,14.05,0.78534802,0.402736349,0.868613489,9.266666667,0.083333333,1,6.829694252
557,9.283333333,Continuous,11.328495,235,5.747679717,14.05,0.785349032,0.401675345,0.919371902,9.283333333,0.083333333,1,6.253076554
558,9.3,Continuous,9.998155,263,6.419417439,14.05,0.785350044,0.40061777,1.026789443,9.3,0.083333333,1,6.253120481
559,9.316666667,Continuous,10.12811,259,6.30876551,14.05,0.785351057,0.399563619,1.006525403,9.316666667,0.083333333,1,6.269075409
560,9.333333333,Continuous,10.51619,257,6.247177165,14.05,0.785352069,0.398512887,0.969952045,9.333333333,0.083333333,1,6.441960544
561,9.35,Continuous,9.174335,257,6.23435119,14.05,0.785353081,0.397465568,1.133597149,9.35,0.083333333,1,5.500688088
562,9.366666667,Continuous,10.43698,262,6.342627446,14.05,0.785354094,0.396421657,0.907724265,9.366666667,0.083333333,1,6.988728126
563,9.383333333,Continuous,11.983205,238,5.74970275,14.05,0.785355106,0.395381148,0.89480235,9.383333333,0.083333333,1,6.427018125
564,9.4,Continuous,9.39872,270,6.509574965,14.05,0.785356118,0.394344036,1.137388921,9.4,0.083333333,1,5.724322213
565,9.416666667,Continuous,8.372575,269,6.472189239,14.05,0.78535713,0.393310314,1.179923739,9.416666667,0.083333333,1,5.48628039
566,9.433333333,Continuous,9.081075,248,5.954631303,14.05,0.785358143,0.392279978,1.041341471,9.433333333,0.083333333,1,5.719384314
567,9.45,Continuous,10.702845,237,5.678836128,14.05,0.785359155,0.391253021,0.887661178,9.45,0.083333333,1,6.398876721
568,9.466666667,Continuous,10.797405,238,5.691162089,14.05,0.785360167,0.390229437,0.948968757,9.466666667,0.083333333,1,5.998467201
569,9.483333333,Continuous,9.46439,257,6.133060648,14.05,0.78536118,0.389209221,1.066798811,9.483333333,0.083333333,1,5.750150842
570,9.5,Continuous,11.95809,253,6.025283541,14.05,0.785362192,0.388192365,0.818709342,9.5,0.083333333,1,7.360945127
571,9.516666667,Continuous,13.81916,245,5.822844609,14.05,0.785363204,0.387178865,0.824681095,9.516666667,0.083333333,1,7.062164057
572,9.533333333,Continuous,10.805735,286,6.783652608,14.05,0.785364217,0.386168714,1.098620316,9.533333333,0.083333333,1,6.175781268
573,9.55,Continuous,9.569525,298,7.053967067,14.05,0.785365229,0.385161906,1.135072012,9.55,0.083333333,1,6.215597547
574,9.566666667,Continuous,8.016375,272,6.4253449,14.05,0.785366241,0.384158434,1.336252358,9.566666667,0.083333333,1,4.809365691
575,9.583333333,Continuous,8.698045,268,6.317995289,14.05,0.785367254,0.383158292,1.043291912,9.583333333,0.083333333,1,6.056956989
576,9.6,Continuous,11.16279,226,5.316879952,14.05,0.785368266,0.382161473,0.890530056,9.6,0.083333333,1,5.97178779
577,9.616666667,Continuous,12.24663,248,5.822753684,14.05,0.785369278,0.381167972,0.828178854,9.616666667,0.083333333,1,7.032210294
578,9.633333333,Continuous,11.500155,253,5.92815593,14.05,0.785370291,0.380177781,0.988108421,9.633333333,0.083333333,1,6.000685357
579,9.65,Continuous,10.040855,284,6.641226224,14.05,0.785371303,0.379190893,1.058127022,9.65,0.083333333,1,6.277503099
580,9.666666667,Continuous,12.59238,265,6.184329715,14.05,0.785372315,0.378207303,0.853571763,9.666666667,0.083333333,1,7.246604277
581,9.683333333,Continuous,12.416215,268,6.241739438,14.05,0.785373328,0.377227004,0.954727346,9.683333333,0.083333333,1,6.538939292
582,9.7,Continuous,11.620805,296,6.880091865,14.05,0.78537434,0.376249988,0.986833528,9.7,0.083333333,1,6.9730649
583,9.716666667,Continuous,11.667995,286,6.634235387,14.05,0.785375352,0.375276249,1.013730294,9.716666667,0.083333333,1,6.545523461
584,9.733333333,Continuous,10.2114,295,6.829280157,14.05,0.785376365,0.37430578,1.12430225,9.733333333,0.083333333,1,6.075268332
585,9.75,Continuous,9.62283,286,6.60759261,14.05,0.785377377,0.373338574,1.132431935,9.75,0.083333333,1,5.835889805
586,9.766666667,Continuous,8.809645,271,6.248414409,14.05,0.785378389,0.372374624,1.188504191,9.766666667,0.083333333,1,5.258347017
587,9.783333333,Continuous,10.40315,260,5.982722957,14.05,0.785379402,0.371413923,0.931266011,9.783333333,0.083333333,1,6.425525717
588,9.8,Continuous,11.117885,240,5.511364322,14.05,0.785380414,0.370456464,0.9605514,9.8,0.083333333,1,5.738904511
589,9.816666667,Continuous,10.99314,265,6.073408412,14.05,0.785381426,0.36950224,0.936111066,9.816666667,0.083333333,1,6.489138711
590,9.833333333,Continuous,10.116215,255,5.83249913,14.05,0.785382439,0.368551243,1.088065052,9.833333333,0.083333333,1,5.361483645
591,9.85,Continuous,10.25173,273,6.231818291,14.05,0.785383451,0.367603467,0.970285015,9.85,0.083333333,1,6.423844294
592,9.866666667,Continuous,9.19664,246,5.604171862,14.05,0.785384463,0.366658903,1.181050906,9.866666667,0.083333333,1,4.746036879
593,9.883333333,Continuous,8.133255,269,6.116035917,14.05,0.785385476,0.365717546,1.127211676,9.883333333,0.083333333,1,5.426818288
594,9.9,Continuous,9.730715,226,5.127971644,14.05,0.785386488,0.364779387,0.991479043,9.9,0.083333333,1,5.173186903
595,9.916666667,Continuous,10.265455,238,5.389577304,14.05,0.7853875,0.363844419,0.91337403,9.916666667,0.083333333,1,5.901974034
596,9.933333333,Continuous,11.675655,231,5.220638623,14.05,0.785388512,0.362912634,0.867951306,9.933333333,0.083333333,1,6.016200268
597,9.95,Continuous,11.56004,250,5.638926364,14.05,0.785389525,0.361984026,0.918275369,9.95,0.083333333,1,6.142007684
598,9.966666667,Continuous,9.23831,262,5.89793871,14.05,0.785390537,0.361058587,1.17972876,9.966666667,0.083333333,1,5.000356596
599,9.983333333,Continuous,9.855885,269,6.043561278,14.05,0.785391549,0.360136308,0.977639248,9.983333333,0.083333333,1,6.182940014
600,10,Continuous,7.664495,237,5.313963753,14.05,0.785392562,0.359217183,1.387358202,10,0.083333333,1,3.831083474
601,10.5,Discrete,10.1828,29205,3.022831399,46.53846154,1,0.333070943,1,18.76666667,1.5,10,4.025620148
602,20,Discrete,10.4962,22293,1.241796781,46.53846154,1,0.128964646,1,28.33333333,1.5,10,1.657565517
603,30,Discrete,10.9583,15372,0.856740837,46.53846154,1,0.09124072,1,38.9,1.5,10,1.166258379
604,40,Discrete,10.0921,12640,0.881408993,46.53846154,1,0.080720194,1,44.96666667,1.5,10,1.046929414
605,50,Discrete,10.9339,7877,0.737950023,46.53846154,1,0.076681979,1,58.63333333,1.5,10,0.99528193
606,60,Discrete,9.0295,5714,0.738482813,46.53846154,1,0.074800196,1,66.71666667,1.5,10,0.931968473
607,70.5,Discrete,10.5332,2937,0.538681394,46.53846154,1,0.073766078,1,79.41666667,1.5,10,0.733623001
608,80,Discrete,10.3833,2549,0.645043382,46.53846154,1,0.073223101,1,90.43333333,1.5,10,0.925864876
609,90,Discrete,10.2864,2021,0.719742078,46.53846154,1,0.072862501,1,97.6,1.5,10,0.93641664